ID,Sequences,toxic_prediction,antiviral_prediction
0,RRGRTGRNPNRVGD,0,1
1,KKKKVVAALYVLF,0,1
2,MSTNPKPQRKTKRNTNDRPQDV,1,0.333333333
3,RSKRGGIGRNIKR,0,0.333333333
4,FRYGNQMCHMKHRKTNFTSFQR,0.333333333,0.333333333
5,AAMRSY,0.333333333,0.333333333
6,NRRRQPRGDVA,0,0.666666667
7,KKKKVPAATYKKVA,1,1
8,RDISVNIYNSIKENQCN,0.666666667,1
9,GYPEIQKAISNIKENKCNGTDA,0.333333333,1
10,GELGRLVYLLDGPGYDPIHCDV,0.666666667,1
11,RRGSLGIYRFPGGTNLTHCL,0,1
12,CYKRRC,0,0.666666667
13,RRGRIGRYPCNVTG,0,1
14,KKKKVVAATYKKVAA,1,1
15,ATRVTRGGIKIYF,0.666666667,1
16,KKKKVVAFAYVLF,0,1
17,KKRKLAAPAVLGLA,0,1
18,RRGRVGRIGNPNQFGDI,0,0.333333333
19,HCSLFKDF,0,1
20,KKKKVVAATTKKVA,1,1
21,KKKKVVAKTYVLF,0.333333333,1
22,TQQPQRAHKGPWASQI,0.666666667,0.666666667
23,FKGRSHCT,0,1
24,KKKKLVLPFLYFF,0,1
25,RTIKWNSQVKGGLYQ,0.666666667,1
26,KKKKVLLALYVLV,0,1
27,NQAGDVVGRVQYLLSCVYA,0,1
28,WRGVLLRICRGIC,0,1
29,KKKKVVAAGTVLV,0.333333333,1
30,GLLDVPGGAVVNGGYATHGL,1,1
31,IQLEYLWKVPFDFWRGV,0.666666667,0.666666667
32,DDSVCCFAMSYSPDS,0,1
33,KKKKVLLKFLFFV,0,1
34,RTGRGRPGIYR,0.333333333,0.666666667
35,DSKFKHLKGMIE,0.333333333,0.666666667
36,AKKKVVAATYALV,0,1
37,NQVKNGVQIVGGIVL,0.666666667,0.666666667
38,KKKKVVAATNVLG,0.333333333,1
39,NLCVRLGGIILSPVVLL,0.333333333,1
40,VRLGSISVIGVVCGKK,0.666666667,1
41,KKKKTVAATYVLG,0.333333333,1
42,GVPVCGYVNCGNTCNNPYCSCP,0.333333333,0
43,KKKKTTAATYVLV,0,1
44,KKKKVVFTTYKKVA,0.666666667,1
45,RNINQYGDFQGDMMYY,0.333333333,0
46,GARRSSGR,0.333333333,1
47,DVKFPGGGQIVGGV,0.666666667,0.333333333
48,ADLEVVAATYVDFD,0.666666667,1
49,ADLEVVAATYVLVK,0.666666667,1
50,RTGRGGRRGIYR,1,0.666666667
51,KKKKVVAATLVDG,0.333333333,1
52,WRGVLVGRVIAV,0.333333333,1
53,KKKKVVLPFLFVF,0,1
54,DDSVVTAMSYSFA,0.666666667,1
55,KKKKVVKATTVLV,0.666666667,1
56,DDDEVVAATYVSDA,0.666666667,1
57,RTSRPQVCRGRTRIGQRVHFY,0,1
58,RRGRISLGV,0,1
59,GTCVRRGRCGTGVCRVCYITRC,0,0.333333333
60,KKKKVVLPFLKFF,0,1
61,STQRRGRTGGKRGPGR,0.333333333,0.333333333
62,KDLKVVATTVVLV,0.666666667,1
63,NNRVKVKLGGDIGGIVGRLGSV,0.333333333,0.666666667
64,KKKKVVAATYAAV,0,1
65,RGGRTCRCRYSTCCTTRGNGCR,0.666666667,0.333333333
66,GIADSLGNVAKELAPYVVDKVA,1,0
67,KKKKLVAATYVLT,0,1
68,KKKKLVAAFYFFF,0,1
69,CYYTRTGC,0,0.666666667
70,KKKKLLLPFLVAV,0.333333333,1
71,RIGNIVRVGIWNPGALA,0.666666667,1
72,AAQRRTVRRGRIGRNPSQVGD,0,1
73,RGSIHGV,0.666666667,0.333333333
74,KKKKVPAAALVLV,0.333333333,1
75,RNINKRGKQGAKHGGIVI,0.666666667,0.333333333
76,KKKKAVAATYVDV,0.333333333,1
77,YKKKICCN,0.666666667,0.666666667
78,GSLGYLVHAVYGDASHCVLTLA,0.666666667,1
79,KKKKLLLPFLLFF,0,1
80,CQDKTNIC,0,1
81,WMGRKHIDL,0.333333333,1
82,AAKRRGRIGRNPNQVGD,0.666666667,0.333333333
83,MSTNPKPQRKTKRNTNRRPQDV,1,0.666666667
84,RTQRKTCQDGQWPPGYGY,0,0.333333333
85,SKKRVLAGAA,0.333333333,1
86,ADLEVVAATHVDGD,0.666666667,1
87,KKKKLVAATLVLF,0,1
88,GRPVDFQVGIGN,0.666666667,0.666666667
89,KKKKLVLATYVLF,0,1
90,EAIIRIPQELRDIK,0,0.666666667
91,NDVSF,1,0.333333333
92,KKKKLVLPFLFFFA,0,1
93,YKKKRSLGHLFNLVKFLASMAY,1,0
94,VALDPIDISIELNKAKSDLEES,0.333333333,1
95,KKKKLVLKTLVLV,0,1
96,HCSLTYTTTNILGD,1,1
97,KKKKVPAALYVLG,0.333333333,1
98,QDRAVKLDHLVYPRYM,1,1
99,KKKKLLLPFLFLVA,0,1
100,SVSCIYACFLGAGCIEVGACYD,0,0.666666667
101,GLPSCVFIVGRIPACTPHLLYN,0,1
102,GKRKICC,0,1
103,KKKKLVLATYVFV,0,1
104,DDSVVSAMMSYSYA,0.666666667,1
105,RQRRRIWKRRKR,0.333333333,0.666666667
106,KKKKVVLFTYFLV,0,1
107,CGGRTKIC,0.333333333,0.666666667
108,KKKKVEAFTYVLV,0.666666667,1
109,ADLEVVSATYVKKKG,1,1
110,GICRCICGGICGRPCICGRIIG,0.333333333,0
111,KKKKVVAATYKAVK,1,1
112,AELDRLVYLLDGPGYDPIHCDV,0.666666667,1
113,LNRRDLDA,0.333333333,0.333333333
114,HCKYATNDALIFTV,0.333333333,1
115,KKKKVVLATYKKKK,1,1
116,KKKKLFLPFLFLF,0,1
117,KKKKVLLPFYVFF,0,1
118,KKKKVFAATYVLG,0.333333333,1
119,KKKKVVAATGKKVA,1,0.666666667
120,HAIASTNPAMLISV,1,0.666666667
121,KKKKPVAATYVLF,0.333333333,1
122,GRRYKRGRNKVQVVGD,0.666666667,0.333333333
123,GKRKSGVAA,0,1
124,CPKHKKC,0.333333333,0.333333333
125,KKKKPVAAFYVLV,0,1
126,GGRLKS,0,0.666666667
127,DRSPRGGQHRIDA,0.333333333,0.333333333
128,KKKKVEAATTVAVA,0,1
129,YTMLVDLLVT,0.666666667,1
130,RTTKRRRRG,0.333333333,1
131,YRRKK,0.666666667,1
132,KKKKVFLATYFLF,0,1
133,KKKKVLAAFYVAV,0,1
134,GELGRLVYLEDLGYPDVGGNGA,0.666666667,1
135,KKKKCVAAFYVLV,0,1
136,CQSLTPGC,0,1
137,RGIRIKGQAIKD,0.666666667,0.333333333
138,VEFDELIGWTADVALAELIKYQ,0.666666667,0.666666667
139,RTGRGRGIYR,0.333333333,0.666666667
140,KKKKVVATEYVLV,0.333333333,1
141,KRKAVALLKAVL,0.333333333,1
142,CGKRKC,0.333333333,0.666666667
143,GSTRRGKTGGTNSSF,0.666666667,0.333333333
144,KKRKVAAPLLAF,0,1
145,ADLEVVAATRVDAD,0.666666667,1
146,KKKKVVLPFYVLF,0,1
147,KKKKVATTYVLV,0,1
148,KKKKVVAEEEVKF,0.333333333,1
149,AKLKVVAATYVFVK,0.333333333,1
150,TDVILACSAIDSPDSLENI,1,1
151,KKKKVVAAFKVLV,0,1
152,MSTNPKPQRKTKRNTERRPQDV,1,0.666666667
153,GELDELVELLSGPQYLMYFDFT,0.666666667,1
154,GELGRLVYLLDGPGHDPIHCSV,0.666666667,1
155,KKKKVVAATYKLG,0.333333333,1
156,CFGKRKSC,0,0.333333333
157,ACFCRRGYCRGICQRNYRCCVR,0.333333333,0
158,KKKKVVLAFYFLF,0,1
159,ANLSVQVKININQILGFNKS,0.333333333,0.333333333
160,RTGRPGRQKVQD,0.666666667,1
161,NDVSFHEEIGMKKFGYKGELDE,0.666666667,1
162,STTCATRTGGTCRTCTRGTCYS,0,0.333333333
163,RGGRTKRCTRNRPGVIGR,0.333333333,0.333333333
164,ADLEVVAATYAKKK,0.666666667,1
165,RTGRGRGHRIYRI,0,0.666666667
166,KKKKLVAETYVLV,0.333333333,1
167,RRKKAAVALLKAVALALLAP,0,1
168,RRGRWGRGIYR,0.666666667,0.666666667
169,AGDPPCGVSCPNTPCLAAGCSC,0.666666667,0.333333333
170,CRYQSSCC,0,0.666666667
171,EMTWEEWEKKIEEYTKKIEEIL,0.333333333,1
172,TKKKR,0.666666667,1
173,YKGATLDV,0.666666667,0.666666667
174,KKKKVFLAFYVLV,0,1
175,AFDLEYEMKKLEEAIKKLEESY,0.333333333,1
176,VDMRYIDASVYGIDD,0.666666667,0.666666667
177,RIGRWGRNPSQVGD,0.333333333,1
178,KKKKLLAATLFFF,0,1
179,KKKKVVAAFYVLG,0.333333333,1
180,KKKKVVAGTYVLF,0.666666667,1
181,NTQSVVNIQKEIDRLNEVAKNL,0,1
182,LGRPSQVGN,0.333333333,0.333333333
183,KKKKVFLKTYVFV,0.333333333,1
184,NHITWNTTLNNSVAIDRLNEVA,0.666666667,1
185,TSFIALLIYVARLAVNPSVVGN,0.333333333,0.666666667
186,KKKKVVAATAVLG,0.333333333,1
187,KKKKVVAAT,0,1
188,KKKKVVLPFLVFF,0,1
189,GGRRKSMY,0,0
190,RGIYRMKKG,0.666666667,0.666666667
191,KKKKLVLPFLFLF,0,1
192,RGLGRLCRCLCERCQG,0,0.333333333
193,CGKRKY,0.333333333,1
194,RRGR,0.333333333,1
195,KKKKVPAATYAFEL,0,1
196,KKKKLLAFFLFFF,0,1
197,ADLEVVAATYAAKAA,0.333333333,1
198,RGILSCAGCA,0,0.666666667
199,ADLEVVAATYAL,0.666666667,1
200,EACDVITNDAAVSVVTV,0.666666667,1
201,KKKKVVTPTYKKKK,1,0.666666667
202,KKKKVVAFFYVLV,0,1
203,KKKKVVAGFEVLV,0.333333333,1
204,RRTKKVLLALLA,0,1
205,NEQRRDVNQAEDGVYCSIALYL,0,1
206,GKRKSGAYA,0.333333333,0.666666667
207,AAQRRGR,0.666666667,1
208,KIPACSTKTLNTCSTLTYACMN,0,0.666666667
209,CGGKGLC,0,0.666666667
210,CKFKLG,0,1
211,KKKKLVLAFYFFF,0,1
212,KRRR,0,1
213,KKKKVLLATYFLV,0,1
214,KKKKVVKATYVLG,1,1
215,HCIYATTNDALSFSNV,0.333333333,1
216,SVCGRCVCRRGGCGVCGVCVGV,0,0
217,DDDEVVAATYVLVD,1,1
218,GELGRPVYIMGRIPSV,1,1
219,WKKKISAAISKFVKAIKQL,0,0
220,HCSLLAYGDCNATVFIVG,0,1
221,KKKKVLAFFYVLV,0,1
222,KKKKPVAALYVLV,0.333333333,1
223,KKKKFVLATYFLV,0,1
224,KKKKLVLPFLLVF,0,1
225,GLPVCVGGGVNRCYPTVPGCTC,0.333333333,0.333333333
226,GTKYVSALNQSYGILGYL,0.666666667,0.333333333
227,EAKCLGTNAAKADPLF,0.333333333,1
228,KKKKVVAANYVLFA,0,1
229,VERGKYGGDPIVGR,0.666666667,0.666666667
230,KKKKLLLPFLFVF,0,1
231,KKKKLLLP,0,1
232,TCAWAKK,0,1
233,GELGRPVYVLGDPGYYATHVLT,1,1
234,KKKKLLLPFLLVF,0,1
235,KKKKVTLATYVLV,0,1
236,DEMEECAYYTAHDC,0.666666667,0.666666667
237,YARHVQLVD,0.666666667,0.666666667
238,KKKKVVLAEYVLV,0.666666667,1
239,KKKKLVAPFLVFF,0,1
240,CGQLASGFSRVLVVC,0.333333333,0.666666667
241,CRSLPTP,0,1
242,ADLERVAATYVDDA,0.666666667,1
243,KKKKLFLATLFFV,0,1
244,ADLEVVAATYVAADA,0.333333333,1
245,KKKKVVAAGTFLV,0.333333333,1
246,LDQTFVYLDGSAYTDPI,1,1
247,KKKKVVLFFLFFF,0,1
248,RIGKFRCTRGRGRVKIQ,0,0.333333333
249,LGQLDSIGALNVAGK,0.666666667,0.333333333
250,KKKKVLAPTLVLV,0.333333333,1
251,NDQVFTCDCPPLVWSPV,0.666666667,1
252,RGGRNCHNVVRC,0,0.333333333
253,KKKKVVAITGFLV,0.333333333,1
254,RVRKIGSNIVYLVTGLLHLVHG,0.333333333,0.666666667
255,LGSTAVISTQRRSGGYVKVGA,1,1
256,KKKKVVAATYKKVF,1,1
257,DFSICGEGPGDVKFPGCRMVSN,0.333333333,0.333333333
258,GELGRPLYVLGDHGYYV,0.333333333,1
259,CGYKCCC,0,0
260,KKKKVVLATYALV,0.333333333,1
261,MASANADVVQPGYVEADPLGYV,0.333333333,1
262,GELGRLVYLLDGPGYDPIHCSV,0.666666667,1
263,AAQRRGRIGRNPNQVGD,0.333333333,1
264,KKKKVLAPFLFFV,0,1
265,KKKKVVAATTKAL,0,1
266,KKKKVVAETYVL,0.666666667,1
267,RTQRRRRRTTGRGRGR,1,0.666666667
268,GKRKSGRA,0,1
269,KKKKVVAKEYVL,0.666666667,1
270,RGGSQVCRESQHGNHCTA,0.333333333,1
271,KKKKVPAATYFLG,0.666666667,1
272,KKKKLVLAFYVLF,0,1
273,NKSVLGDGQNEIKELKCNVTDA,0.666666667,1
274,KRKQFPGGIYKPF,0.666666667,0.333333333
275,KKKKAVAATYVLL,0,1
276,NQSRD,0.666666667,0.333333333
277,YRGRYG,0.333333333,0
278,DTYAMLKLASGIA,0.666666667,0.666666667
279,KKKKLLAATYVFV,0,1
280,VDLKYLPMSTGKKFQF,1,0.333333333
281,KKKKLVAPTYFFV,0.333333333,1
282,GFYCHCRWVVCSMYSPNGTCAC,0,0
283,RQCRRGPTCPPGGPKYRNPTCQ,0,0
284,AKLKVVAATYVEV,0.333333333,1
285,HCSLFTLQYG,0.666666667,1
286,KKKKLELPFYFFF,0.333333333,1
287,KKKKLVAPTLVFV,0.333333333,1
288,GELGRPVYVGGPPGGYALA,0.666666667,0.666666667
289,KKKKVVAFTTKKVA,1,1
290,DDSVVCAAMSYSFAA,0.333333333,1
291,FKKYRSR,0.666666667,1
292,KKKKVVAATYVAF,0,1
293,KKKKVVAFAYSAV,0,1
294,DVCMCGAI,0,1
295,RRGRC,0,1
296,LDLSGRMKGPG,0.666666667,0.666666667
297,KKKKVVATTYVKGA,0.666666667,1
298,KKKKLVLPTLVFF,0,1
299,NDRRSQLGVRGSIVG,0.333333333,1
300,NRRPQDVKFPGGGQIVGGL,0.333333333,0.666666667
301,VSLASNIDAL,1,0.666666667
302,GELDELVYLLDGPGYDPIHCSV,0.666666667,1
303,KKKKLLLPFYFLV,0,1
304,SCVKRLGRYALRRPKTP,0,0.333333333
305,ETKWEEWEKKIEEILKKIEELI,0,1
306,DDSVVCAAVSYSHA,0.666666667,1
307,KKKKVVAATYVKGA,1,1
308,QVGDVGYI,1,1
309,KKKKLPLPFYVLF,0.333333333,1
310,DVKFPGGGQIVGGVVL,0.666666667,0.666666667
311,LNPTNWWISLFKRPSDEFVR,0.666666667,1
312,TAYFLAKLAGR,0.666666667,0.666666667
313,GSLLYEIVRLVTCMEYP,0.666666667,0.666666667
314,YTCSVVAINAAVVVND,0.666666667,1
315,GVCRCCYRGGCVCTCRVGYFGV,0,0
316,DVKFPGGGQIVGGVY,1,1
317,GKRKVFA,0,1
318,HARLLSTNKAVVSLSNGVSVLT,1,1
319,CGYGPYGC,0,0
320,GFCF,0,0.666666667
321,GELGRPVYVLGDPGYYATHYAT,1,1
322,KKKKAVAATYVAT,0,1
323,ADQEVCAATYAAAALAVAA,0.333333333,1
324,KKKKTLLPTLFFV,0,1
325,KKKKLVLPFLVFF,0,1
326,IINALANLIEEMKELQQRNESY,0,1
327,KKKKVPKATYVLV,1,1
328,PVLFPSHQYQVHG,1,1
329,INAKCVNAMMELEYLYQLDKVY,0.333333333,1
330,KKKKVVATGYVLF,0.333333333,1
331,ACAVATNVVKTVKRNVAAANKG,0,0
332,VMRISNIMRIK,1,0
333,KKKKLLLALLFLF,0,1
334,AKKRKRCRF,0,0
335,DNKFPGQGQIVGGVYL,1,1
336,RQRIKGRRGPCSGKNCVKE,0.333333333,0
