Sequences,Category,toxic_prediction,antiviral_prediction,Prediction,Confidence,Strain Type,Class,Predictive value,Length
RRGRTGRNPNRVGD,AVP,0.0,1.0,Non toxic peptide,95.18%,Human erythrocytes,Not Active,1.0,14
NRRRQPRGDVA,AVP,0.0,0.666666667,Non toxic peptide,99.15%,Human erythrocytes,Not Active,1.0,11
RRGSLGIYRFPGGTNLTHCL,AVP,0.0,1.0,Non toxic peptide,94.15%,Human erythrocytes,Not Active,0.87,20
KKRKLAAPAVLGLA,AVP,0.0,1.0,Non toxic peptide,94.72%,Human erythrocytes,Not Active,0.82,14
HCSLFKDF,AVP,0.0,1.0,Non toxic peptide,93.64%,Human erythrocytes,Not Active,0.98,8
KKKKVVAKTYVLF,AVP,0.333333333,1.0,Non toxic peptide,86.79%,Human erythrocytes,Not Active,0.9,13
KKKKVVAAGTVLV,AVP,0.333333333,1.0,Non toxic peptide,96.89%,Human erythrocytes,Not Active,0.63,13
AKKKVVAATYALV,AVP,0.0,1.0,Non toxic peptide,81.75%,Human erythrocytes,Not Active,0.8,13
KKKKVVAATNVLG,AVP,0.333333333,1.0,Non toxic peptide,99.04%,Human erythrocytes,Not Active,0.85,13
NLCVRLGGIILSPVVLL,AVP,0.333333333,1.0,Non toxic peptide,95.53%,Human erythrocytes,Not Active,0.77,17
KKKKTVAATYVLG,AVP,0.333333333,1.0,Non toxic peptide,97.43%,Human erythrocytes,Not Active,0.91,13
KKKKTTAATYVLV,AVP,0.0,1.0,Non toxic peptide,94.13%,Human erythrocytes,Not Active,0.88,13
GARRSSGR,AVP,0.333333333,1.0,Non toxic peptide,98.60%,Human erythrocytes,Not Active,0.95,8
KKKKVVAATLVDG,AVP,0.333333333,1.0,Non toxic peptide,99.20%,Human erythrocytes,Not Active,0.89,13
RTSRPQVCRGRTRIGQRVHFY,AVP,0.0,1.0,Non toxic peptide,86.23%,Human erythrocytes,Not Active,0.98,21
RRGRISLGV,AVP,0.0,1.0,Non toxic peptide,98.69%,Human erythrocytes,Not Active,0.79,9
KKKKVVAATYAAV,AVP,0.0,1.0,Non toxic peptide,91.32%,Human erythrocytes,Not Active,0.8,13
KKKKLVAATYVLT,AVP,0.0,1.0,Non toxic peptide,68.95%,Human erythrocytes,Not Active,0.78,13
AAQRRTVRRGRIGRNPSQVGD,AVP,0.0,1.0,Non toxic peptide,98.96%,Human erythrocytes,Not Active,0.98,21
KKKKAVAATYVDV,AVP,0.333333333,1.0,Non toxic peptide,98.34%,Human erythrocytes,Not Active,0.95,13
CQDKTNIC,AVP,0.0,1.0,Non toxic peptide,95.66%,Human erythrocytes,Not Active,1.0,8
SKKRVLAGAA,AVP,0.333333333,1.0,Non toxic peptide,90.35%,Human erythrocytes,Not Active,0.78,10
KKKKLVAATLVLF,AVP,0.0,1.0,Non toxic peptide,70.82%,Human erythrocytes,Not Active,0.61,13
KKKKLVLATYVLF,AVP,0.0,1.0,Non toxic peptide,71.25%,Human erythrocytes,Not Active,0.7,13
EAIIRIPQELRDIK,AVP,0.0,0.666666667,Non toxic peptide,99.34%,Human erythrocytes,Not Active,1.0,14
VALDPIDISIELNKAKSDLEES,AVP,0.333333333,1.0,Non toxic peptide,98.75%,Human erythrocytes,Not Active,0.92,22
KKKKLVLKTLVLV,AVP,0.0,1.0,Non toxic peptide,98.09%,Human erythrocytes,Not Active,0.63,13
KKKKVPAALYVLG,AVP,0.333333333,1.0,Non toxic peptide,82.11%,Human erythrocytes,Not Active,0.88,13
KKKKLVLATYVFV,AVP,0.0,1.0,Non toxic peptide,66.15%,Human erythrocytes,Not Active,0.7,13
KKKKVVLFTYFLV,AVP,0.0,1.0,Non toxic peptide,86.46%,Human erythrocytes,Not Active,0.76,13
CGGRTKIC,AVP,0.333333333,0.666666667,Non toxic peptide,96.08%,Human erythrocytes,Not Active,0.91,8
KKKKVFAATYVLG,AVP,0.333333333,1.0,Non toxic peptide,92.14%,Human erythrocytes,Not Active,0.7,13
KKKKPVAATYVLF,AVP,0.333333333,1.0,Non toxic peptide,96.16%,Human erythrocytes,Not Active,0.9,13
GKRKSGVAA,AVP,0.0,1.0,Non toxic peptide,58.29%,Human erythrocytes,Not Active,0.96,9
KKKKPVAAFYVLV,AVP,0.0,1.0,Non toxic peptide,81.24%,Human erythrocytes,Not Active,0.85,13
GGRLKS,AVP,0.0,0.666666667,Non toxic peptide,50.49%,Human erythrocytes,Not Active,0.95,6
KKKKVEAATTVAVA,AVP,0.0,1.0,Non toxic peptide,93.33%,Human erythrocytes,Not Active,0.84,14
RTTKRRRRG,AVP,0.333333333,1.0,Non toxic peptide,94.00%,Human erythrocytes,Not Active,0.8,9
KKKKVFLATYFLF,AVP,0.0,1.0,Non toxic peptide,59.84%,Human erythrocytes,Not Active,0.75,13
RTGRGRGIYR,AVP,0.333333333,0.666666667,Non toxic peptide,96.75%,Human erythrocytes,Not Active,0.99,10
KKKKVVATEYVLV,AVP,0.333333333,1.0,Non toxic peptide,84.09%,Human erythrocytes,Not Active,0.94,13
KRKAVALLKAVL,AVP,0.333333333,1.0,Non toxic peptide,70.99%,Human erythrocytes,Not Active,0.81,12
KKRKVAAPLLAF,AVP,0.0,1.0,Non toxic peptide,92.11%,Human erythrocytes,Not Active,0.95,12
KKKKVATTYVLV,AVP,0.0,1.0,Non toxic peptide,93.86%,Human erythrocytes,Not Active,0.91,12
AKLKVVAATYVFVK,AVP,0.333333333,1.0,Non toxic peptide,87.46%,Human erythrocytes,Not Active,0.56,14
KKKKVVAATYKLG,AVP,0.333333333,1.0,Non toxic peptide,89.38%,Human erythrocytes,Not Active,0.92,13
RTGRGRGHRIYRI,AVP,0.0,0.666666667,Non toxic peptide,94.75%,Human erythrocytes,Not Active,0.99,13
KKKKLVAETYVLV,AVP,0.333333333,1.0,Non toxic peptide,84.06%,Human erythrocytes,Not Active,0.94,13
RRKKAAVALLKAVALALLAP,AVP,0.0,1.0,Non toxic peptide,97.11%,Human erythrocytes,Not Active,0.65,20
EMTWEEWEKKIEEYTKKIEEIL,AVP,0.333333333,1.0,Non toxic peptide,97.13%,Human erythrocytes,Not Active,0.89,22
KKKKLLAATLFFF,AVP,0.0,1.0,Non toxic peptide,87.00%,Human erythrocytes,Not Active,0.66,13
KKKKVVAAFYVLG,AVP,0.333333333,1.0,Non toxic peptide,82.75%,Human erythrocytes,Not Active,0.83,13
NTQSVVNIQKEIDRLNEVAKNL,AVP,0.0,1.0,Non toxic peptide,94.27%,Human erythrocytes,Not Active,0.95,22
KKKKVFLKTYVFV,AVP,0.333333333,1.0,Non toxic peptide,92.75%,Human erythrocytes,Not Active,0.71,13
TSFIALLIYVARLAVNPSVVGN,AVP,0.333333333,0.666666667,Non toxic peptide,58.86%,Human erythrocytes,Not Active,0.58,22
KKKKVVAATAVLG,AVP,0.333333333,1.0,Non toxic peptide,97.87%,Human erythrocytes,Not Active,0.54,13
KKKKVVAAT,AVP,0.0,1.0,Non toxic peptide,90.37%,Human erythrocytes,Not Active,0.93,9
RRGR,AVP,0.333333333,1.0,Non toxic peptide,86.70%,Human erythrocytes,Not Active,0.78,4
KKKKVPAATYAFEL,AVP,0.0,1.0,Non toxic peptide,80.91%,Human erythrocytes,Not Active,0.98,14
ADLEVVAATYAAKAA,AVP,0.333333333,1.0,Non toxic peptide,91.07%,Human erythrocytes,Not Active,0.78,15
RGILSCAGCA,AVP,0.0,0.666666667,Non toxic peptide,99.71%,Human erythrocytes,Not Active,0.78,10
RRTKKVLLALLA,AVP,0.0,1.0,Non toxic peptide,78.53%,Human erythrocytes,Not Active,0.75,12
CGGKGLC,AVP,0.0,0.666666667,Non toxic peptide,99.95%,Human erythrocytes,Not Active,0.88,7
KRRR,AVP,0.0,1.0,Non toxic peptide,95.98%,Human erythrocytes,Not Active,0.8,4
KKKKVLLATYFLV,AVP,0.0,1.0,Non toxic peptide,54.49%,Human erythrocytes,Not Active,0.73,13
KKKKPVAALYVLV,AVP,0.333333333,1.0,Non toxic peptide,64.36%,Human erythrocytes,Not Active,0.86,13
EAKCLGTNAAKADPLF,AVP,0.333333333,1.0,Non toxic peptide,99.83%,Human erythrocytes,Not Active,0.96,16
TCAWAKK,AVP,0.0,1.0,Non toxic peptide,96.11%,Human erythrocytes,Not Active,0.84,7
KKKKVTLATYVLV,AVP,0.0,1.0,Non toxic peptide,92.39%,Human erythrocytes,Not Active,0.77,13
CGQLASGFSRVLVVC,AVP,0.333333333,0.666666667,Non toxic peptide,99.32%,Human erythrocytes,Not Active,0.78,15
CRSLPTP,AVP,0.0,1.0,Non toxic peptide,70.63%,Human erythrocytes,Not Active,0.92,7
KKKKLFLATLFFV,AVP,0.0,1.0,Non toxic peptide,55.03%,Human erythrocytes,Not Active,0.64,13
ADLEVVAATYVAADA,AVP,0.333333333,1.0,Non toxic peptide,86.29%,Human erythrocytes,Not Active,0.75,15
KKKKVVAAGTFLV,AVP,0.333333333,1.0,Non toxic peptide,95.04%,Human erythrocytes,Not Active,0.82,13
KKKKVLAPTLVLV,AVP,0.333333333,1.0,Non toxic peptide,99.37%,Human erythrocytes,Not Active,0.79,13
KKKKVVAITGFLV,AVP,0.333333333,1.0,Non toxic peptide,97.62%,Human erythrocytes,Not Active,0.61,13
GELGRPLYVLGDHGYYV,AVP,0.333333333,1.0,Non toxic peptide,53.65%,Human erythrocytes,Not Active,0.85,17
KKKKVVLATYALV,AVP,0.333333333,1.0,Non toxic peptide,81.52%,Human erythrocytes,Not Active,0.73,13
MASANADVVQPGYVEADPLGYV,AVP,0.333333333,1.0,Non toxic peptide,99.97%,Human erythrocytes,Not Active,0.93,22
AAQRRGRIGRNPNQVGD,AVP,0.333333333,1.0,Non toxic peptide,99.60%,Human erythrocytes,Not Active,0.99,17
KKKKVVAATTKAL,AVP,0.0,1.0,Non toxic peptide,91.83%,Human erythrocytes,Not Active,0.9,13
RGGSQVCRESQHGNHCTA,AVP,0.333333333,1.0,Non toxic peptide,74.57%,Human erythrocytes,Not Active,0.99,18
KKKKAVAATYVLL,AVP,0.0,1.0,Non toxic peptide,89.39%,Human erythrocytes,Not Active,0.87,13
KKKKLLAATYVFV,AVP,0.0,1.0,Non toxic peptide,54.91%,Human erythrocytes,Not Active,0.71,13
KKKKLVAPTYFFV,AVP,0.333333333,1.0,Non toxic peptide,91.86%,Human erythrocytes,Not Active,0.93,13
AKLKVVAATYVEV,AVP,0.333333333,1.0,Non toxic peptide,66.38%,Human erythrocytes,Not Active,0.65,13
KKKKLVAPTLVFV,AVP,0.333333333,1.0,Non toxic peptide,98.71%,Human erythrocytes,Not Active,0.82,13
DDSVVCAAMSYSFAA,AVP,0.333333333,1.0,Non toxic peptide,75.43%,Human erythrocytes,Not Active,0.84,15
KKKKVVAATYVAF,AVP,0.0,1.0,Non toxic peptide,92.38%,Human erythrocytes,Not Active,0.77,13
RRGRC,AVP,0.0,1.0,Non toxic peptide,96.37%,Human erythrocytes,Not Active,0.99,5
KKKKLVLPTLVFF,AVP,0.0,1.0,Non toxic peptide,98.90%,Human erythrocytes,Not Active,0.81,13
NDRRSQLGVRGSIVG,AVP,0.333333333,1.0,Non toxic peptide,82.09%,Human erythrocytes,Not Active,0.9,15
ETKWEEWEKKIEEILKKIEELI,AVP,0.0,1.0,Non toxic peptide,86.73%,Human erythrocytes,Not Active,0.91,22
KKKKAVAATYVAT,AVP,0.0,1.0,Non toxic peptide,93.82%,Human erythrocytes,Not Active,0.78,13
ADQEVCAATYAAAALAVAA,AVP,0.333333333,1.0,Non toxic peptide,90.73%,Human erythrocytes,Not Active,0.82,19
KKKKTLLPTLFFV,AVP,0.0,1.0,Non toxic peptide,99.03%,Human erythrocytes,Not Active,0.8,13
KKKKVVATGYVLF,AVP,0.333333333,1.0,Non toxic peptide,90.18%,Human erythrocytes,Not Active,0.83,13
